Grado,Edad,Horas,Sexo
Biologia,20,2.6322635578134834,Mujer
Biologia,20,1.49133151863124,Hombre
Biologia,20,2.807264309969449,Mujer
Biologia,20,3.0223916875754333,Mujer
Biologia,20,3.5418732995377225,Mujer
Biologia,20,5.000215771988227,Mujer
Biologia,20,2.8937173147251243,Mujer
Matematicas,39,3.8028202476370105,Hombre
Matematicas,38,4.347454779073903,Mujer
